20250515_163208,(600,(600_20250515_163208.jpg
20250515_163208,GO,GO_20250515_163208.jpg
20250515_163211,Klele),Klele)_20250515_163211.jpg
20250515_163233,600,600_20250515_163233.jpg
20250515_163418,.,._20250515_163418.jpg
20250515_163419,000g,000g_20250515_163419.jpg
20250515_163419,nong,nong_20250515_163419.jpg
20250515_163419,Onog,Onog_20250515_163419.jpg
20250515_163421,'0009,'0009_20250515_163421.jpg
20250515_163421,0009,0009_20250515_163421.jpg
20250515_163422,looog,looog_20250515_163422.jpg
20250515_163424,poog,poog_20250515_163424.jpg
20250515_163425,00og,00og_20250515_163425.jpg
20250515_163448,111061,111061_20250515_163448.jpg
20250515_163448,J11061,J11061_20250515_163448.jpg
20250515_163448,11061,11061_20250515_163448.jpg
20250515_163452,DMS,DMS_20250515_163452.jpg
20250515_163454,M40-49,M40-49_20250515_163454.jpg
20250515_163454,M40 49,M40 49_20250515_163454.jpg
20250515_163455,40-49,40-49_20250515_163455.jpg
20250515_163455,DM:,DM:_20250515_163455.jpg
20250515_163455,DME,DME_20250515_163455.jpg
20250515_163455,DM,DM_20250515_163455.jpg
20250515_163456,DMF,DMF_20250515_163456.jpg
20250515_163502,DMS,DMS_20250515_163502.jpg
20250515_163507,1106,1106_20250515_163507.jpg
20250515_163507,111061,111061_20250515_163507.jpg
20250515_163507,177061,177061_20250515_163507.jpg
20250515_163507,11061,11061_20250515_163507.jpg
20250515_163508,J1106_,J1106__20250515_163508.jpg
20250515_163508,J11061,J11061_20250515_163508.jpg
20250515_163511,311061,311061_20250515_163511.jpg
20250515_163513,171061,171061_20250515_163513.jpg
20250515_163517,111061,111061_20250515_163517.jpg
20250515_163517,11061,11061_20250515_163517.jpg
20250515_163518,711061,711061_20250515_163518.jpg
