20250515_194724,2195,2195_20250515_194724.jpg
20250515_194725,2495,2495_20250515_194725.jpg
20250515_194732,2222,2222_20250515_194732.jpg
20250515_194745,2022,2022_20250515_194745.jpg
20250515_194750,1767,1767_20250515_194750.jpg
20250515_194859,2529,2529_20250515_194859.jpg
20250515_194859,2579,2579_20250515_194859.jpg
20250515_194925,10001,10001_20250515_194925.jpg
20250515_194936,3065,3065_20250515_194936.jpg
20250515_194945,1663,1663_20250515_194945.jpg
20250515_195003,2051,2051_20250515_195003.jpg
20250515_195019,4020,4020_20250515_195019.jpg
20250515_195029,4020,4020_20250515_195029.jpg
20250515_201425,1663,1663_20250515_201425.jpg
20250516_101738,1982,1982_20250516_101738.jpg
20250516_101739,7982,7982_20250516_101739.jpg
20250516_101743,1902,1902_20250516_101743.jpg
20250516_101746,4982,4982_20250516_101746.jpg
20250516_101748,1982,1982_20250516_101748.jpg
20250518_011951,7146,7146_20250518_011951.jpg
20250518_012001,7146,7146_20250518_012001.jpg
20250518_012014,7146,7146_20250518_012014.jpg
20250518_012024,7146,7146_20250518_012024.jpg
20250518_012034,7146,7146_20250518_012034.jpg
20250518_044227,7146,7146_20250518_044227.jpg
20250518_044242,7146,7146_20250518_044242.jpg
20250518_044252,7146,7146_20250518_044252.jpg
20250518_044302,7146,7146_20250518_044302.jpg
20250518_044312,7146,7146_20250518_044312.jpg
20250518_044323,7146,7146_20250518_044323.jpg
20250518_044333,7146,7146_20250518_044333.jpg
20250518_044345,7146,7146_20250518_044345.jpg
20250518_044355,7146,7146_20250518_044355.jpg
